Job ID,Job URL,Job Title,Company Name,Status,Timestamp,WP ID
4da23b12e555970d,https://kz.linkedin.com/jobs/view/managing-director-at-libera-consultants-4435120111,Managing Director,,scraped,2026-07-07T01:27:45.358484,
76a4cdc77e22fa3d,https://kz.linkedin.com/jobs/view/event-internal-communications-manager-invision-at-indrive-4436376190,Event & Internal Communications Manager (inVision),,scraped,2026-07-07T01:27:52.571577,
779f75c0a0bb9c79,https://kz.linkedin.com/jobs/view/funded-traineeship-for-young-graduates-at-the-eu-delegation-to-kazakhstan-at-eubam-libya-4437125481,Funded traineeship for young graduates at the EU Delegation to Kazakhstan,,scraped,2026-07-07T01:28:14.502514,
466626e2739e977f,https://kz.linkedin.com/jobs/view/amsterdam-attack-at-chessiverse-ab-4436416979,Amsterdam Attack,,scraped,2026-07-07T01:29:25.322589,
9b7e3de05abd1e07,https://kz.linkedin.com/jobs/view/customer-care-manager-at-sidel-4435039022,Customer Care Manager,,scraped,2026-07-07T01:29:31.648599,
e7aad025ca9f5f69,https://kz.linkedin.com/jobs/view/english-opening-at-chessiverse-ab-4436430321,English Opening,,scraped,2026-07-07T01:30:42.770127,
4d8d774a9e30c797,https://kz.linkedin.com/jobs/view/senior-communications-partnerships-manager-invision-foundation-at-indrive-4436371403,"Senior Communications&Partnerships Manager, inVision Foundation",,scraped,2026-07-07T01:30:49.337573,
dde6f58b5a01cd30,https://kz.linkedin.com/jobs/view/ui-ux-designer-at-chillbase-4435575609,UI/UX Designer,,scraped,2026-07-07T01:31:03.701518,
9ea05bed1dddde88,https://kz.linkedin.com/jobs/view/medical-representative-rx-almaty-kz-at-recordati-4393529327,"Medical Representative RX, Almaty, KZ",,scraped,2026-07-07T01:31:21.396432,
462b0f8fc46d91ae,https://kz.linkedin.com/jobs/view/prompt-engineer-at-acclaim-ai-4436226173,Prompt Engineer,,scraped,2026-07-07T01:31:29.358892,
55e486eb14200efd,https://kz.linkedin.com/jobs/view/support-manager-at-wolt-4436040167,Support Manager,,scraped,2026-07-07T01:31:48.256802,
cd765649a953333b,https://kz.linkedin.com/jobs/view/figma-ui-ux-designer-at-ultahost-4436272548,Figma UI/UX Designer,UltaHost,posted,2026-07-07T01:32:37.829033,20
84b58cbb78cd2b88,https://kz.linkedin.com/jobs/view/the-european-union-delegation-to-kazakhstan-is-looking-for-press-and-information-assistant-local-agent-group-ii-ref-157640-%E2%80%93-ppi-section-at-eubam-libya-4436307807,The European Union Delegation to Kazakhstan is looking for: PRESS AND INFORMATION ASSISTANT - LOCAL AGENT GROUP II Ref: 157640 – PPI Section,,scraped,2026-07-07T01:32:40.465911,
f5bec13cfde051cd,https://kz.linkedin.com/jobs/view/technical-artist-content-features-at-chillbase-4435576599,Technical Artist (Content/Features),,scraped,2026-07-07T01:32:47.533148,
f8266964f0f0527c,https://kz.linkedin.com/jobs/view/country-financial-controller-at-wolt-4436022986,Country Financial Controller,,scraped,2026-07-07T01:33:07.976840,
809a958cc4bc4ab5,https://kz.linkedin.com/jobs/view/king-s-knight-opening-at-chessiverse-ab-4436438184,King's Knight Opening,,scraped,2026-07-07T01:33:15.527317,
b3986597afe448b1,https://kz.linkedin.com/jobs/view/junior-technical-project-specialist-at-fyst-4435803946,Junior Technical Project Specialist,,scraped,2026-07-07T01:33:21.759546,
240fb26e319c8dbf,https://kz.linkedin.com/jobs/view/admissions-officer-at-sabis%C2%AE-4432382259,Admissions Officer,,scraped,2026-07-07T01:33:29.086538,
6b8acaa515e44a22,https://kz.linkedin.com/jobs/view/data-scientist-at-allstarsit-4425606758,Data Scientist,ALLSTARSIT,posted,2026-07-07T01:33:55.569672,22
a56c2bd3d81f15c2,https://kz.linkedin.com/jobs/view/%D0%BA%D0%B5%D1%80%D1%83%D1%8E%D1%87%D0%B8%D0%B9-%D0%BC%D0%B0%D0%B3%D0%B0%D0%B7%D0%B8%D0%BD%D1%83-at-%D0%B1%D0%BB%D0%B8%D0%B7%D0%B5%D0%BD%D1%8C%D0%BA%D0%BE-4436970192,Керуючий магазину,,scraped,2026-07-07T01:33:57.980382,
824190fa0b419620,https://kz.linkedin.com/jobs/view/hse-manager-4436972907,HSE Manager,Eurasia Service Solutions,posted,2026-07-07T01:35:04.158848,24
1a21e1ce776a3bda,https://kz.linkedin.com/jobs/view/global-affiliate-manager-at-binance-4435236058,Global Affiliate Manager,Binance,posted,2026-07-07T01:36:35.756715,26
878686ff26d380a8,https://kz.linkedin.com/jobs/view/product-and-funnel-optimisation-manager-cis-at-binance-4435001025,Product and Funnel Optimisation Manager - CIS,Binance,posted,2026-07-07T01:36:59.157519,28
fc30a737567fe52a,https://kz.linkedin.com/jobs/view/human-resources-manager-at-hilton-4436378143,Human Resources Manager,,scraped,2026-07-07T01:37:02.005335,
8d6087bc9d4e58d6,https://kz.linkedin.com/jobs/view/talent-operations-manager-enrichment-products-at-crimson-education-4434310473,"Talent & Operations Manager, Enrichment Products",Crimson Education,posted,2026-07-07T01:37:30.857956,30
db9cdc029a7364dd,https://kz.linkedin.com/jobs/view/%D0%B1%D1%80%D0%B5%D0%BD%D0%B4-%D0%BC%D0%B5%D0%BD%D0%B5%D0%B4%D0%B6%D0%B5%D1%80-4432360476,Бренд-менеджер,"ТРЦ ""Forum""",posted,2026-07-07T01:37:39.790291,32
4b68d762471f5347,https://kz.linkedin.com/jobs/view/sales-support-coordinator-at-sarens-4433962467,Sales Support Coordinator,Sarens,posted,2026-07-07T01:37:55.223138,34
8e0fee37d9441fef,https://kz.linkedin.com/jobs/view/returns-claims-associate-at-xometry-emea-apac-4426623652,Returns & Claims Associate,,scraped,2026-07-07T01:37:58.005559,
3cf1efb6b64de001,https://kz.linkedin.com/jobs/view/senior-real-estate-manager-at-americana-restaurants-4432327399,Senior Real Estate Manager,,scraped,2026-07-07T01:38:04.743501,
c85e3dd0c4cca326,https://kz.linkedin.com/jobs/view/sales-category-manager-at-procter-gamble-4423667049,Sales Category Manager,Procter &amp; Gamble,posted,2026-07-07T01:38:17.703450,36
0341159c0a9ee3c6,https://kz.linkedin.com/jobs/view/team-leader-%D1%81%2B%2B-at-m-i-r-a-l-l-c-4431586884,Team Leader С++,M I R A L.L.C,posted,2026-07-07T01:38:49.733035,38
bc70193ffff11d62,https://kz.linkedin.com/jobs/view/russian-qa-lead-remote-at-yo-it-consulting-4434385694,Russian QA Lead - Remote,,scraped,2026-07-07T01:38:52.701210,
fd9424403bc96089,https://kz.linkedin.com/jobs/view/unity-developer-at-chillbase-4435572719,Unity Developer,,scraped,2026-07-07T01:38:59.039182,
2080efc5e8bfb722,https://kz.linkedin.com/jobs/view/category-specialist-wm-at-wolt-4434633220,Category Specialist (WM),,scraped,2026-07-07T01:39:37.323545,
6cc7ab8e0d7b58a4,https://kz.linkedin.com/jobs/view/senior-ai-creative-producer-facebook-ads-vertical-video-at-jobhire-ai-4437407834,Senior AI Creative Producer (Facebook Ads vertical video),,scraped,2026-07-07T01:39:45.605496,
15234ff612ab8a86,https://kz.linkedin.com/jobs/view/customer-care-executive-at-philip-morris-international-4436753011,Customer Care Executive,,scraped,2026-07-07T01:40:44.875510,
683a5d8db3c69b73,https://kz.linkedin.com/jobs/view/ruy-lopez-at-chessiverse-ab-4436431415,Ruy Lopez,,scraped,2026-07-07T01:40:51.839799,
f44f44bb46a693dd,https://kz.linkedin.com/jobs/view/ware-opening-at-chessiverse-ab-4436422696,Ware Opening,,scraped,2026-07-07T01:40:58.034495,
1fcbbc930d7857ba,https://kz.linkedin.com/jobs/view/venezolana-opening-at-chessiverse-ab-4436416981,Venezolana Opening,,scraped,2026-07-07T01:41:04.248998,
6bd9acd2c4ae5cce,https://kz.linkedin.com/jobs/view/qa%C2%A0engineer-at-chillbase-4435563976,QA Engineer,,scraped,2026-07-07T01:41:11.044850,
f6d78df59a1031a6,https://kz.linkedin.com/jobs/view/veresov-attack-at-chessiverse-ab-4436423735,Veresov Attack,,scraped,2026-07-07T01:41:29.759885,
104f99e2abf58bd5,https://kz.linkedin.com/jobs/view/c%2B%2B-software-engineer-market-data-systems-at-m-i-r-a-l-l-c-4436328359,C++ Software Engineer (Market Data Systems),M I R A L.L.C,posted,2026-07-07T01:42:21.026981,40
30b213b3ad34ecf9,https://kz.linkedin.com/jobs/view/logistics-coordinator-at-alstom-4428243635,Logistics coordinator,,scraped,2026-07-07T01:42:23.650736,
3ffeb9abd0050b8f,https://kz.linkedin.com/jobs/view/senior-front-end-engineer-at-remofirst-4436140159,Senior Front End Engineer,,scraped,2026-07-07T01:42:31.092603,
36fb7a239321db38,https://kz.linkedin.com/jobs/view/qa-automation-engineer-at-exante-4437400916,QA Automation Engineer,,scraped,2026-07-07T01:42:37.946847,
3b6b693223051a19,https://kz.linkedin.com/jobs/view/courier-at-dhl-express-4431201796,Courier,DHL Express,posted,2026-07-07T01:42:53.735520,42
f8b5f48d9849ef75,https://kz.linkedin.com/jobs/view/receptionist-at-ebrd-4437199737,Receptionist,EBRD,posted,2026-07-07T01:43:06.638265,44
2864453ef0154ef4,https://kz.linkedin.com/jobs/view/pmo-lead-at-philip-morris-international-4435134278,PMO Lead,,scraped,2026-07-07T01:43:09.365289,
d022fe760257dabc,https://kz.linkedin.com/jobs/view/engineering-manager-software-engineering-at-frontline-data-solutions-4435322325,"Engineering Manager, Software Engineering",,scraped,2026-07-07T01:43:16.122333,
be8d4b4cf0364514,https://kz.linkedin.com/jobs/view/support-associate-at-wolt-4436029248,Support Associate,,scraped,2026-07-07T01:43:34.816387,
a4ae3ac513109a0e,https://kz.linkedin.com/jobs/view/scandinavian-defense-at-chessiverse-ab-4436439065,Scandinavian Defense,,scraped,2026-07-07T01:43:42.330678,
ac22f7343df6e3d5,https://kz.linkedin.com/jobs/view/dunst-opening-1-e5-at-chessiverse-ab-4436425577,Dunst Opening: 1...e5,,scraped,2026-07-07T01:43:48.450233,
f0740acf1462f171,https://kz.linkedin.com/jobs/view/durkin-s-attack-at-chessiverse-ab-4436432335,Durkin's Attack,,scraped,2026-07-07T01:43:54.492724,
ef1c47fb1bdb7e3a,https://kz.linkedin.com/jobs/view/queen-s-indian-defence-1-d4-nf6-2-c4-9-qxc3-at-chessiverse-ab-4436425644,Queen's Indian Defence: 1.d4 Nf6 2.c4......... 9.Qxc3,,scraped,2026-07-07T01:44:00.575992,
377138d8170741b0,https://kz.linkedin.com/jobs/view/grob-s-attack-spike-at-chessiverse-ab-4436427410,Grob's Attack: Spike,,scraped,2026-07-07T01:44:06.897859,
24b2283f950f7193,https://kz.linkedin.com/jobs/view/reversed-sicilian-at-chessiverse-ab-4436421729,Reversed Sicilian,,scraped,2026-07-07T01:44:12.940774,
23a2e3b22f254505,https://kz.linkedin.com/jobs/view/polish-opening-at-chessiverse-ab-4436435221,Polish Opening,,scraped,2026-07-07T01:44:19.214736,
1846c6f89f20e829,https://kz.linkedin.com/jobs/view/novosibirsk-opening-at-chessiverse-ab-4436424576,Novosibirsk Opening,,scraped,2026-07-07T01:44:25.356154,
2ff22405dbb73ca4,https://kz.linkedin.com/jobs/view/symmetrical-english-at-chessiverse-ab-4436434213,Symmetrical English,,scraped,2026-07-07T01:44:31.544725,
97c3d4b88aa7e77b,https://kz.linkedin.com/jobs/view/vienna-game-1-e4-e5-2-nc3-nc6-at-chessiverse-ab-4436418971,Vienna Game: 1.e4 e5 2.Nc3......... Nc6,,scraped,2026-07-07T01:44:37.434539,
27d72a3388e53c25,https://kz.linkedin.com/jobs/view/gedult-s-opening-at-chessiverse-ab-4436419761,Gedult's Opening,,scraped,2026-07-07T01:44:43.842943,
895e7011fdcc10a4,https://kz.linkedin.com/jobs/view/king-s-gambit-1-e4-e5-2-f4-3-nf3-at-chessiverse-ab-4436427468,King's Gambit: 1.e4 e5 2.f4......... 3.Nf3,,scraped,2026-07-07T01:44:49.609036,
d393cf95cb646b26,https://kz.linkedin.com/jobs/view/nimzo-indian-defence-1-d4-nf6-2-c4-4-qb3-at-chessiverse-ab-4436436224,Nimzo-Indian Defence: 1.d4 Nf6 2.c4......... 4.Qb3,,scraped,2026-07-07T01:44:55.671769,
8930b0cdd46209b9,https://kz.linkedin.com/jobs/view/sicilian-defense-open-variation-at-chessiverse-ab-4436418957,Sicilian Defense: Open Variation,,scraped,2026-07-07T01:45:01.509769,
37c2b1b6900c3607,https://kz.linkedin.com/jobs/view/english-opening-1-c4-c6-2-nf3-3-b3-at-chessiverse-ab-4436430323,English Opening: 1.c4 c6 2.Nf3......... 3.b3,,scraped,2026-07-07T01:45:07.659188,
7a97431bf7aa3ece,https://kz.linkedin.com/jobs/view/falkbeer-countergambit-at-chessiverse-ab-4436424645,Falkbeer Countergambit,,scraped,2026-07-07T01:45:13.441944,
a072a9211b9184a4,https://kz.linkedin.com/jobs/view/grob-s-attack-romford-counter-gambit-at-chessiverse-ab-4436420739,Grob's Attack: Romford Counter-Gambit,,scraped,2026-07-07T01:45:19.507321,
5567ec03131c8ecb,https://kz.linkedin.com/jobs/view/english-opening-1-c4-nf6-2-nc3-e6-at-chessiverse-ab-4436428406,English Opening: 1.c4 Nf6 2.Nc3......... e6,,scraped,2026-07-07T01:45:25.322042,
07457996efb9d77e,https://kz.linkedin.com/jobs/view/polish-opening-tuebingen-variation-at-chessiverse-ab-4436418918,Polish Opening: Tuebingen Variation,,scraped,2026-07-07T01:45:31.501113,
3882cfc7f0d65a84,https://kz.linkedin.com/jobs/view/sicilian-defence-1-e4-c5-2-nf3-6-bb5%2B-at-chessiverse-ab-4436438172,Sicilian Defence: 1.e4 c5 2.Nf3......... 6.Bb5+,,scraped,2026-07-07T01:45:37.344083,
b00b1aa625ea3c2d,https://kz.linkedin.com/jobs/view/tarrasch-defence-1-d4-d5-2-c4-be7-at-chessiverse-ab-4436426527,Tarrasch Defence: 1.d4 d5 2.c4......... Be7,,scraped,2026-07-07T01:45:43.373017,
6f839ddf805d8325,https://kz.linkedin.com/jobs/view/reversed-sicilian-1-c4-e5-2-nc3-nc6-at-chessiverse-ab-4436418922,Reversed Sicilian: 1.c4 e5 2.Nc3......... Nc6,,scraped,2026-07-07T01:45:49.659819,
0916ef269d391c58,https://kz.linkedin.com/jobs/view/italian-game-two-knights-defense-at-chessiverse-ab-4436430392,Italian Game: Two Knights Defense,,scraped,2026-07-07T01:45:55.185008,
1e441e8c30dd3037,https://kz.linkedin.com/jobs/view/slav-defence-1-d4-d5-2-c4-9-qe2-at-chessiverse-ab-4436426525,Slav Defence: 1.d4 d5 2.c4......... 9.Qe2,,scraped,2026-07-07T01:46:01.187131,
f7ca9f9252062bd2,https://kz.linkedin.com/jobs/view/sicilian-defence-1-e4-c5-2-nf3-5-nc3-at-chessiverse-ab-4436419817,Sicilian Defence: 1.e4 c5 2.Nf3...... 5.Nc3,,scraped,2026-07-07T01:46:07.273057,
917b6f316d7c65ea,https://kz.linkedin.com/jobs/view/sicilian-defense-four-knights-variation-at-chessiverse-ab-4436433364,Sicilian Defense: Four Knights Variation,,scraped,2026-07-07T01:46:13.186361,
48cab84131e737b7,https://kz.linkedin.com/jobs/view/two-knights-defence-1-e4-e5-2-nf3-na5-at-chessiverse-ab-4436436208,Two Knights Defence: 1.e4 e5 2.Nf3......... Na5,,scraped,2026-07-07T01:46:19.430089,
c88fcc02420fb1cc,https://kz.linkedin.com/jobs/view/catalan-opening-1-d4-nf6-2-c4-5-nf3-at-chessiverse-ab-4436435303,Catalan Opening: 1.d4 Nf6 2.c4......... 5.Nf3,,scraped,2026-07-07T01:46:25.409380,
9d41375a3a014822,https://kz.linkedin.com/jobs/view/queen-s-gambit-declined-1-d4-d5-2-c4-3-nc3-at-chessiverse-ab-4436420825,Queen's Gambit Declined: 1.d4 d5 2.c4......... 3.Nc3,,scraped,2026-07-07T01:46:31.391474,
3dacdbf159fd4b38,https://kz.linkedin.com/jobs/view/dragon-sicilian-1-e4-c5-2-nf3-7-f3-at-chessiverse-ab-4436419819,Dragon Sicilian: 1.e4 c5 2.Nf3......... 7.f3,,scraped,2026-07-07T01:46:37.717079,
79b9326b6936c7ff,https://kz.linkedin.com/jobs/view/sicilian-defence-1-e4-c5-2-nf3-be7-at-chessiverse-ab-4436423713,Sicilian Defence: 1.e4 c5 2.Nf3......... Be7,,scraped,2026-07-07T01:46:44.068948,
2022747fa4ec33a9,https://kz.linkedin.com/jobs/view/valencia-opening-at-chessiverse-ab-4436428400,Valencia Opening,,scraped,2026-07-07T01:46:50.377051,
4dee5b627fe545e9,https://kz.linkedin.com/jobs/view/four-knights-game-spanish-variation-bb4-at-chessiverse-ab-4436426512,"Four Knights Game, Spanish Variation: Bb4",,scraped,2026-07-07T01:46:56.305305,
6fc597ef489e6148,https://kz.linkedin.com/jobs/view/game-designer-at-chillbase-4435568809,Game Designer,,scraped,2026-07-07T01:47:02.377585,
a935fe67b9df64b3,https://kz.linkedin.com/jobs/view/french-defense-exchange-variation-at-chessiverse-ab-4436433368,French Defense: Exchange Variation,,scraped,2026-07-07T01:47:09.192204,
e1295dea80ff467c,https://kz.linkedin.com/jobs/view/french-defence-classical-variation-1-e4-e6-2-d4-be7-at-chessiverse-ab-4436419825,"French Defence, Classical Variation: 1.e4 e6 2.d4......... Be7",,scraped,2026-07-07T01:47:15.210616,
c6a55d3a5c4864ef,https://kz.linkedin.com/jobs/view/dragon-sicilian-1-e4-c5-2-nf3-8-0-0-at-chessiverse-ab-4436438177,Dragon Sicilian: 1.e4 c5 2.Nf3......... 8.0-0,,scraped,2026-07-07T01:47:21.284261,
fad7e19e61ef2a41,https://kz.linkedin.com/jobs/view/business-analysis-bi-trainee-with-ai-expertise-tech-orda-voucher-at-epam-systems-4411567958,Business Analysis & BI Trainee with AI Expertise (Tech Orda Voucher),EPAM Systems,posted,2026-07-07T01:48:38.745085,46
bf9a05a6ef788f8a,https://kz.linkedin.com/jobs/view/corporate-government-affairs-cga-manager-eurasia-at-mondel%C4%93z-international-4425912769,"Corporate & Government Affairs (CGA) Manager, Eurasia",Mondelēz International,posted,2026-07-07T01:49:09.164402,48
f657840edbf65b79,https://kz.linkedin.com/jobs/view/government-relations-gr-director-leading-chinese-enterprise-billion-dollar-group-at-cornerstone-global-partners-cgp-group-4437120876,Government Relations (GR) Director - Leading Chinese Enterprise (Billion-Dollar Group),Cornerstone Global Partners (CGP Group),posted,2026-07-07T01:49:35.656401,50
1ed001761b6ccf37,https://kz.linkedin.com/jobs/view/guest-arrival-expert-at-the-ritz-carlton-hotel-company-l-l-c-4434373240,Guest Arrival Expert,,scraped,2026-07-07T01:49:38.296456,
53e4f630ab2f10e9,https://kz.linkedin.com/jobs/view/mieses-opening-at-chessiverse-ab-4436429381,Mieses Opening,,scraped,2026-07-07T01:50:20.510705,
aec245f5c4cc64f4,https://kz.linkedin.com/jobs/view/product-management-trainee-with-ai-expertise-tech-orda-voucher-at-epam-systems-4411570977,Product Management Trainee with AI Expertise (Tech Orda Voucher),EPAM Systems,posted,2026-07-07T01:50:38.883113,52
76c162c47f811042,https://kz.linkedin.com/jobs/view/marketing-executive-content-campaigns-international-athletics-at-crimson-education-4436238694,"Marketing Executive (Content & Campaigns), International Athletics",Crimson Education,posted,2026-07-07T01:50:51.223510,54
8276bef8933c3f76,https://kz.linkedin.com/jobs/view/people-operations-specialist-at-epam-systems-4432707268,People Operations Specialist,EPAM Systems,posted,2026-07-07T01:51:04.750243,56
61d3acdc4af434d2,https://kz.linkedin.com/jobs/view/legal-compliance-manager-mining-project-at-cornerstone-global-partners-cgp-group-4437122839,Legal & Compliance Manager (Mining Project),Cornerstone Global Partners (CGP Group),posted,2026-07-07T01:51:32.414128,58
039471068fc6ec5e,https://kz.linkedin.com/jobs/view/king-s-gambit-1-e4-e5-2-f4-g5-at-chessiverse-ab-4436428476,King's Gambit: 1.e4 e5 2.f4......... g5,,scraped,2026-07-07T01:51:35.070192,
f490305330f48d53,https://kz.linkedin.com/jobs/view/reliability-and-continuous-improvements-engineer-at-epiroc-4435068678,Reliability and Continuous Improvements Engineer,,scraped,2026-07-07T01:51:41.317833,
002c7d867a571977,https://kz.linkedin.com/jobs/view/senior-python-data-scraping-engineer-freelance-at-mindrift-4436310451,Senior Python Data Scraping Engineer (Freelance),,scraped,2026-07-07T01:51:47.910525,
83af6801b63629cd,https://kz.linkedin.com/jobs/view/anderssen-s-opening-at-chessiverse-ab-4436424573,Anderssen's Opening,,scraped,2026-07-07T01:52:19.917784,
d61ff64a46f3e890,https://kz.linkedin.com/jobs/view/net-trainee-at-epam-systems-4385735599,.NET Trainee,EPAM Systems,posted,2026-07-07T01:52:44.386577,60
c7690564fb01b3e8,https://kz.linkedin.com/jobs/view/crab-opening-at-chessiverse-ab-4436426444,Crab Opening,,scraped,2026-07-07T01:52:47.416620,
b5f65219728b8471,https://kz.linkedin.com/jobs/view/key-account-manager-at-mova-tech-4437129539,Key Account Manager,,scraped,2026-07-07T01:52:53.131749,
273e62d09067265b,https://kz.linkedin.com/jobs/view/ai-video-creator-at-the-flex-4436765851,AI Video Creator,,scraped,2026-07-07T01:53:00.545705,
b21005592a45e40b,https://kz.linkedin.com/jobs/view/senior-consultant-in-risk-consulting-financial-sector-risk-management-alm-at-ey-4406074811,"Senior Consultant in Risk Consulting (Financial Sector - Risk Management, ALM)",EY,posted,2026-07-07T01:53:19.733044,62
9c4f27b828336470,https://kz.linkedin.com/jobs/view/intern-staff-in-strategy-and-execution-at-ey-4377233820,Intern/Staff in Strategy and Execution,EY,posted,2026-07-07T01:53:31.016528,64
43049ee04ce4b3e5,https://kz.linkedin.com/jobs/view/process-engineer-field-operation-production-aksai-kz-rotation-28-28-at-rina-4426952089,"Process Engineer - Field Operation & production, Aksai KZ (rotation 28/28)",,scraped,2026-07-07T01:53:33.710493,
f86f545566a3966e,https://kz.linkedin.com/jobs/view/mystery-shopper-at-helion-market-research-4432763934,Mystery Shopper,,scraped,2026-07-07T01:53:41.998346,
4a1d1c0d6d10436d,https://kz.linkedin.com/jobs/view/legal-manager-kz-ca-em-cau-at-sandoz-4427651724,"Legal Manager KZ, CA EM & CAU",,scraped,2026-07-07T01:53:48.840073,
628c43dabec9d220,https://kz.linkedin.com/jobs/view/risk-management-analyst-at-visa-4416158251,Risk Management Analyst,,scraped,2026-07-07T01:53:55.702797,
c5b538b55937d443,https://kz.linkedin.com/jobs/view/head-of-road-freight-division-at-asstra-associated-traffic-ag-4433117358,Head of Road Freight Division,,scraped,2026-07-07T01:54:14.160993,
4ee9ab21f7720506,https://kz.linkedin.com/jobs/view/kazakh-speaking-client-relations-manager-at-xm-4409668987,Kazakh-Speaking Client Relations Manager,XM,posted,2026-07-07T01:54:34.474338,66
03dbc383a0d6d103,https://kz.linkedin.com/jobs/view/construction-engineer-piping-csa-at-wood-4418148580,Construction Engineer (Piping/CSA),Wood,posted,2026-07-07T01:54:47.112958,68
b8b52e3df9961d21,https://kz.linkedin.com/jobs/view/b2b-marketing-manager-at-asbc-ugcis-ispace-apple-premium-partner-4428974168,B2B Marketing Manager,,scraped,2026-07-07T01:54:49.800557,
561f226b71e3b22d,https://kz.linkedin.com/jobs/view/%D0%BB%D0%B8%D0%B4%D0%B5%D1%80-%D0%BF%D0%BE-%D1%82%D0%B5%D1%85%D0%BD%D0%B8%D1%87%D0%B5%D1%81%D0%BA%D0%BE%D0%B9-%D1%8D%D0%BA%D1%81%D0%BF%D0%BB%D1%83%D0%B0%D1%82%D0%B0%D1%86%D0%B8%D0%B8-%D0%B8-%D0%BE%D0%B1%D1%81%D0%BB%D1%83%D0%B6%D0%B8%D0%B2%D0%B0%D0%BD%D0%B8%D1%8E-%D0%BE%D0%B1%D0%BE%D1%80%D1%83%D0%B4%D0%BE%D0%B2%D0%B0%D0%BD%D0%B8%D1%8F-at-philip-morris-international-4435887953,Лидер по технической эксплуатации и обслуживанию оборудования,,scraped,2026-07-07T01:54:57.081339,
0498f2805ba93499,https://kz.linkedin.com/jobs/view/senior-data-engineer-at-snoonu-4416129481,Senior Data Engineer,,scraped,2026-07-07T01:55:03.688045,
93f0da4fd02a1d57,https://kz.linkedin.com/jobs/view/business-development-assistant-arabic-at-rkx-financial-4435053932,Business Development Assistant (Arabic),RKX Financial,posted,2026-07-07T01:55:41.022134,70
9aa27509d11f7231,https://kz.linkedin.com/jobs/view/finance-manager-mining-project-at-cornerstone-global-partners-cgp-group-4437119891,Finance Manager (mining project),Cornerstone Global Partners (CGP Group),posted,2026-07-07T01:55:51.764573,72
6fed7c7f66ebad4c,https://kz.linkedin.com/jobs/view/commercial-manager-b2b-medical-equipment-astana-at-amiri-human-resources-4436094561,"Commercial manager (B2B, medical equipment), Astana",,scraped,2026-07-07T01:55:54.505013,
8f832457824fac02,https://kz.linkedin.com/jobs/view/junior-qa-engineer-manual-at-playrix-4408821251,Junior QA Engineer (Manual),,scraped,2026-07-07T01:56:02.495962,
105cdd479d3c13c5,https://kz.linkedin.com/jobs/view/ux-ui-designer-at-the-flex-4436394031,UX/UI Designer,,scraped,2026-07-07T01:56:08.846139,
a27dde452fef2293,https://kz.linkedin.com/jobs/view/head-of-service-delivery-at-antal-international-4435542215,Head of Service Delivery,,scraped,2026-07-07T01:56:20.060356,
c6f68f323759d359,https://kz.linkedin.com/jobs/view/%D0%BF%D1%80%D0%BE%D0%B5%D0%BA%D1%82%D0%BD%D1%8B%D0%B9-%D0%BB%D0%B8%D0%B4%D0%B5%D1%80-%D0%BA%D0%B0%D1%80%D1%82%D1%8B-%D0%B8-%D0%BF%D1%80%D0%BE%D0%B3%D1%80%D0%B0%D0%BC%D0%BC%D1%8B-%D0%BB%D0%BE%D1%8F%D0%BB%D1%8C%D0%BD%D0%BE%D1%81%D1%82%D0%B8-%D0%BC%D0%BE%D1%81%D0%BA%D0%B2%D0%B0-at-frank-rg-4437477395,Проектный лидер (Карты и программы лояльности) (Москва),,scraped,2026-07-07T01:56:26.327059,
e2a6e1db32941c81,https://kz.linkedin.com/jobs/view/%D0%B8%D0%BD%D0%B6%D0%B5%D0%BD%D0%B5%D1%80-%D0%BA%D0%B8%D0%BF%D0%B8%D0%B0-at-kpa-group-3902285457,Инженер КИПиА,,scraped,2026-07-07T01:56:35.319234,
cb29819343dadba8,https://kz.linkedin.com/jobs/view/german-speaking-customer-support-operator-m-f-d-at-autodoc-4434644833,German speaking Customer Support Operator (m/f/d),,scraped,2026-07-07T01:56:44.144081,
d53123092f69ce4d,https://kz.linkedin.com/jobs/view/freelance-english-to-kazakh-subtitle-translator-at-iyuno-4435032711,Freelance English to Kazakh Subtitle Translator,Iyuno,posted,2026-07-07T01:57:24.466187,74
281772fd9d2df0e4,https://kz.linkedin.com/jobs/view/golang-software-engineer-%E2%80%93-infrastructure-scraping-systems-team-at-corsearch-4426392405,Golang Software Engineer – Infrastructure & Scraping Systems Team,,scraped,2026-07-07T01:57:27.084542,
ba7ead7a18ecc816,https://kz.linkedin.com/jobs/view/senior-backend-engineer-at-tabby-%D8%AA%D8%A7%D8%A8%D9%8A-4418933506,Senior Backend Engineer,,scraped,2026-07-07T01:57:33.742798,
953257b37958c529,https://kz.linkedin.com/jobs/view/office-coordinator-almaty-at-metso-4432621438,"Office Coordinator, Almaty",,scraped,2026-07-07T01:57:41.915030,
e1f7ee22f3223cb9,https://kz.linkedin.com/jobs/view/regional-manager-cis-at-oxford-international-education-group-4436799568,"Regional Manager, CIS",,scraped,2026-07-07T01:57:49.950995,
47be576816f313f1,https://kz.linkedin.com/jobs/view/national-consultant-on-gender-sensitive-communication-and-media-at-un-women-4436192729,National Consultant on Gender-Sensitive Communication and Media,UN Women,posted,2026-07-07T01:58:18.707598,76
d4d502b577d0a027,https://kz.linkedin.com/jobs/view/python-developer-at-salmon-group-ltd-4416394538,Python Developer,,scraped,2026-07-07T01:58:21.738224,
f14c0413d40b8731,https://kz.linkedin.com/jobs/view/intern-staff-in-strategy-and-execution-at-ey-4377231938,Intern/Staff in Strategy and Execution,EY,posted,2026-07-07T01:58:33.656852,64
c87f7d3501911eb9,https://kz.linkedin.com/jobs/view/senior-consultant-in-risk-consulting-financial-sector-risk-management-alm-at-ey-4406066964,"Senior Consultant in Risk Consulting (Financial Sector - Risk Management, ALM)",EY,posted,2026-07-07T01:58:40.121367,62
fbc8809a6a3f0ebf,https://kz.linkedin.com/jobs/view/data-analyst-credit-cards-npv-unit-economics-at-salmon-group-ltd-4387730383,"Data Analyst, Credit Cards (NPV & Unit Economics)",,scraped,2026-07-07T01:58:42.924798,
61d1907939159add,https://kz.linkedin.com/jobs/view/chief-sap-fico-consultant-at-epam-systems-4363982712,Chief SAP FICO Consultant,EPAM Systems,posted,2026-07-07T01:58:59.665480,78
793c05417a0916f2,https://kz.linkedin.com/jobs/view/%D1%80%D1%83%D0%BA%D0%BE%D0%B2%D0%BE%D0%B4%D0%B8%D1%82%D0%B5%D0%BB%D1%8C-%D0%BD%D0%B0%D0%BF%D1%80%D0%B0%D0%B2%D0%BB%D0%B5%D0%BD%D0%B8%D1%8F-%D1%80%D0%BE%D0%B7%D0%BD%D0%B8%D1%87%D0%BD%D0%BE%D0%B3%D0%BE-%D0%BE%D0%B1%D1%81%D0%BB%D1%83%D0%B6%D0%B8%D0%B2%D0%B0%D0%BD%D0%B8%D1%8F-at-joint-stock-company-%C2%ABthe-agency-for-housing-mortgage-lending%C2%BB-4436262590,Руководитель направления розничного обслуживания,,scraped,2026-07-07T01:59:02.023664,
61f5b8360e4b235f,https://kz.linkedin.com/jobs/view/operations-analyst-12-month-contract-at-binance-4426107056,Operations Analyst - 12 Month Contract,Binance,posted,2026-07-07T01:59:29.068408,80
928d420b8ff1081f,https://kz.linkedin.com/jobs/view/data-analyst-credit-cards-rcls-product-portfolio-analytics-at-salmon-group-ltd-4387727512,Data Analyst (Credit Cards / RCLs) - Product & Portfolio Analytics,,scraped,2026-07-07T01:59:31.788182,
479ff44835e8acdc,https://kz.linkedin.com/jobs/view/financial-accountant-manager-cis-at-binance-4397297135,Financial Accountant/ Manager (CIS),Binance,posted,2026-07-07T01:59:59.176655,82
9784bc6090df1388,https://kz.linkedin.com/jobs/view/commercial-director-at-wood-4408293255,Commercial Director,Wood,posted,2026-07-07T02:00:12.935609,84
f104a2337836f3a4,https://kz.linkedin.com/jobs/view/net-trainee-at-epam-systems-4385729918,.NET Trainee,EPAM Systems,posted,2026-07-07T02:00:29.941141,60
a428247046c43561,https://kz.linkedin.com/jobs/view/reversed-sicilian-1-c4-e5-2-nc3-at-chessiverse-ab-4436427420,Reversed Sicilian: 1.c4 e5 2.Nc3,,scraped,2026-07-07T02:00:32.590026,
f499017739b0f226,https://kz.linkedin.com/jobs/view/senior-account-executive-corporate-segment-kz-tj-kg-at-sap-4415933179,"Senior Account Executive - Corporate Segment (KZ, TJ, KG)",SAP,posted,2026-07-07T02:00:47.600949,86
8d64f4ccedd9fa93,https://kz.linkedin.com/jobs/view/supplier-quality-inspector-at-alstom-4432740956,Supplier Quality Inspector,,scraped,2026-07-07T02:00:50.261681,
c20a8c60af00ec5c,https://kz.linkedin.com/jobs/view/finance-manager-pre-opening-at-hilton-4436368683,Finance Manager (Pre-Opening),,scraped,2026-07-07T02:00:57.604945,
bee0e7ce0f188e22,https://kz.linkedin.com/jobs/view/revenue-operations-analyst-at-epam-systems-4353968656,Revenue Operations Analyst,EPAM Systems,posted,2026-07-07T02:01:35.710356,88
90450c834b2496ad,https://kz.linkedin.com/jobs/view/french-defence-winawer-variation-1-e4-e6-2-d4-ne7-at-chessiverse-ab-4436436197,"French Defence, Winawer Variation: 1.e4 e6 2.d4......... Ne7",,scraped,2026-07-07T02:01:38.096995,
753cc610f1e7d80a,https://kz.linkedin.com/jobs/view/regional-growth-manager-cis-at-binance-4434684514,Regional Growth Manager - CIS,Binance,posted,2026-07-07T02:02:26.736028,90
2b94f10b9b45dec8,https://kz.linkedin.com/jobs/view/front-end-development-trainee-with-ai-tools-tech-orda-voucher-at-epam-systems-4411587058,Front-End Development Trainee with AI Tools (Tech Orda Voucher),EPAM Systems,posted,2026-07-07T02:03:10.964969,92
341ba89dd9dc9ef2,https://kz.linkedin.com/jobs/view/front-end-development-trainee-with-ai-tools-tech-orda-voucher-at-epam-systems-4411580369,Front-End Development Trainee with AI Tools (Tech Orda Voucher),EPAM Systems,posted,2026-07-07T02:03:17.208083,92
fc466313273a65ed,https://kz.linkedin.com/jobs/view/front-end-development-trainee-with-ai-tools-tech-orda-voucher-at-epam-systems-4411581316,Front-End Development Trainee with AI Tools (Tech Orda Voucher),EPAM Systems,posted,2026-07-07T02:03:22.196838,92
6b82ba5ffa08bff3,https://kz.linkedin.com/jobs/view/advanced-cybersecurity-trainee-tech-orda-voucher-at-epam-systems-4411594071,Advanced Cybersecurity Trainee (Tech Orda Voucher),EPAM Systems,posted,2026-07-07T02:03:33.202471,94
c87dd1f76b18310f,https://kz.linkedin.com/jobs/view/senior-lead-ai-engineer-architect-at-epam-systems-4398234094,Senior / Lead AI Engineer / Architect,EPAM Systems,posted,2026-07-07T02:03:42.067309,96
a0124b918324d842,https://kz.linkedin.com/jobs/view/front-end-development-trainee-with-ai-tools-tech-orda-voucher-at-epam-systems-4411567986,Front-End Development Trainee with AI Tools (Tech Orda Voucher),EPAM Systems,posted,2026-07-07T02:03:56.820930,92
e536de1237e53403,https://kz.linkedin.com/jobs/view/front-end-development-trainee-with-ai-tools-tech-orda-voucher-at-epam-systems-4411567985,Front-End Development Trainee with AI Tools (Tech Orda Voucher),EPAM Systems,posted,2026-07-07T02:04:15.957309,92
b3d70cc53a2f6483,https://kz.linkedin.com/jobs/view/advanced-cybersecurity-trainee-tech-orda-voucher-at-epam-systems-4411577783,Advanced Cybersecurity Trainee (Tech Orda Voucher),EPAM Systems,posted,2026-07-07T02:04:24.587597,94
a8863288799c20c5,https://kz.linkedin.com/jobs/view/advanced-cybersecurity-trainee-tech-orda-voucher-at-epam-systems-4411581436,Advanced Cybersecurity Trainee (Tech Orda Voucher),EPAM Systems,posted,2026-07-07T02:04:33.097585,94
43dbc19646856a4f,https://kz.linkedin.com/jobs/view/advanced-cybersecurity-trainee-tech-orda-voucher-at-epam-systems-4411587167,Advanced Cybersecurity Trainee (Tech Orda Voucher),EPAM Systems,posted,2026-07-07T02:04:41.703699,94
e429855e23a75edb,https://kz.linkedin.com/jobs/view/debt-capital-markets-central-eurasia-alvarez-marsal-at-alvarez-marsal-4394205728,"Debt Capital Markets, Central Eurasia, Alvarez&Marsal",,scraped,2026-07-07T02:04:44.461574,
3b63487c99981fe2,https://kz.linkedin.com/jobs/view/nimzo-indian-defence-1-d4-nf6-2-c4-6-e3-at-chessiverse-ab-4436432433,Nimzo-Indian Defence: 1.d4 Nf6 2.c4......... 6.e3,,scraped,2026-07-07T02:05:22.390450,
1312c9377b944ba9,https://kz.linkedin.com/jobs/view/generative-ai-for-software-development-trainee-tech-orda-voucher-at-epam-systems-4411568947,Generative AI for Software Development Trainee (Tech Orda Voucher),EPAM Systems,posted,2026-07-07T02:05:51.374277,98
bc4394e6aa8cc1f1,https://kz.linkedin.com/jobs/view/sap-logistics-consultant-sd-s-4hana-at-epam-systems-4418763467,"SAP Logistics Consultant SD, S/4HANA",EPAM Systems,posted,2026-07-07T02:06:18.540707,100
7ba13753f514278e,https://kz.linkedin.com/jobs/view/%D1%81%D0%B5%D1%80%D0%B2%D0%B8%D1%81-%D0%BC%D0%B5%D0%BD%D0%B5%D0%B4%D0%B6%D0%B5%D1%80-%D0%B4%D0%BE-%D1%81%D1%82%D0%B0%D0%B2%D1%80%D0%BE%D0%BF%D0%BE%D0%BB%D1%8C%D1%81%D0%BA%D0%B8%D0%B9-at-joint-stock-company-%C2%ABthe-agency-for-housing-mortgage-lending%C2%BB-4436268391,"Сервис-менеджер ДО ""Ставропольский""",,scraped,2026-07-07T02:06:20.883165,
86058581106d424d,https://kz.linkedin.com/jobs/view/software-functional-testing-trainee-with-ai-expertise-tech-orda-voucher-at-epam-systems-4411596159,Software Functional Testing Trainee with AI Expertise (Tech Orda Voucher),EPAM Systems,posted,2026-07-07T02:06:40.600156,102
aeebf9a406040112,https://kz.linkedin.com/jobs/view/senior-climate-adaptation-expert-at-ntu-international-a-s-4435113379,Senior Climate Adaptation Expert,,scraped,2026-07-07T02:06:43.402456,
ec3077bfa122536e,https://kz.linkedin.com/jobs/view/international-physics-teacher-at-nazarbayev-intellectual-schools-4435389649,International Physics Teacher,Nazarbayev Intellectual Schools,posted,2026-07-07T02:06:59.297373,104
af6dc9e9289cf9bc,https://kz.linkedin.com/jobs/view/sap-logistics-consultant-sd-s-4hana-at-epam-systems-4418761451,"SAP Logistics Consultant SD, S/4HANA",EPAM Systems,scraped,2026-07-07T02:07:31.421000,
7d06456bf1659765,https://kz.linkedin.com/jobs/view/java-development-trainee-with-ai-expertise-tech-orda-voucher-at-epam-systems-4411575889,Java Development Trainee with AI Expertise (Tech Orda Voucher),EPAM Systems,posted,2026-07-07T02:07:45.204366,106
9a66ab53bcc6cfcb,https://kz.linkedin.com/jobs/view/service-mechanic-at-epiroc-4435080543,Service Mechanic,,scraped,2026-07-07T02:07:47.801916,
fac83a173fc14c54,https://kz.linkedin.com/jobs/view/senior-value-chain-development-expert-at-ntu-international-a-s-4436383558,Senior Value Chain Development Expert,,scraped,2026-07-07T02:07:54.768902,
e6313855e1c13b2a,https://kz.linkedin.com/jobs/view/net-development-trainee-with-ai-expertise-tech-orda-voucher-at-epam-systems-4411572925,.NET Development Trainee with AI Expertise (Tech Orda Voucher),EPAM Systems,posted,2026-07-07T02:08:31.799239,108
fcdb9dcf70c4477e,https://kz.linkedin.com/jobs/view/sap-logistics-consultant-sd-s-4hana-at-epam-systems-4418770432,"SAP Logistics Consultant SD, S/4HANA",EPAM Systems,scraped,2026-07-07T02:08:54.266305,
1d093dfc530fb982,https://kz.linkedin.com/jobs/view/software-functional-testing-trainee-at-epam-systems-4358061872,Software Functional Testing Trainee,EPAM Systems,posted,2026-07-07T02:09:12.904796,110
92f404c8b73bb46e,https://kz.linkedin.com/jobs/view/software-functional-testing-trainee-with-ai-expertise-tech-orda-voucher-at-epam-systems-4411587347,Software Functional Testing Trainee with AI Expertise (Tech Orda Voucher),EPAM Systems,posted,2026-07-07T02:09:46.953273,102
68f33c7c53ea2342,https://kz.linkedin.com/jobs/view/direct-care-registered-nurse-at-sentara-health-4354801469,Direct Care Registered Nurse,,scraped,2026-07-07T02:09:49.388153,
c2a2fefb31de1650,https://kz.linkedin.com/jobs/view/%D0%BC%D0%B0%D1%80%D0%BA%D0%B5%D1%82%D0%BE%D0%BB%D0%BE%D0%B3-4432321386,Маркетолог,RT Fashion,failed|wp_post_failed,2026-07-07T02:10:11.568084,
438fc11a7a3f451d,https://kz.linkedin.com/jobs/view/software-functional-testing-trainee-with-ai-expertise-tech-orda-voucher-at-epam-systems-4411599070,Software Functional Testing Trainee with AI Expertise (Tech Orda Voucher),EPAM Systems,posted,2026-07-07T02:10:20.582388,102
8772617d656106ef,https://kz.linkedin.com/jobs/view/java-development-trainee-with-ai-expertise-tech-orda-voucher-at-epam-systems-4411575888,Java Development Trainee with AI Expertise (Tech Orda Voucher),EPAM Systems,posted,2026-07-07T02:11:35.299257,106
2c4c411647840289,https://kz.linkedin.com/jobs/view/senior-sap-mdg-consultant-at-epam-systems-4385471011,Senior SAP MDG Consultant,EPAM Systems,posted,2026-07-07T02:11:48.795686,112
adc8732e4bbe14dd,https://kz.linkedin.com/jobs/view/sample-preparer-at-als-4433170640,Sample preparer,,scraped,2026-07-07T02:11:51.296723,
9ef61cadb763439f,https://kz.linkedin.com/jobs/view/android-development-trainee-with-ai-expertise-tech-orda-voucher-at-epam-systems-4411584077,Android Development Trainee with AI Expertise (Tech Orda Voucher),EPAM Systems,posted,2026-07-07T02:12:28.252733,114
07b5d433d5f8a18b,https://kz.linkedin.com/jobs/view/sample-preparer-at-als-4433172688,Sample preparer,,scraped,2026-07-07T02:12:30.652981,
ddf25fb19b3ce41e,https://kz.linkedin.com/jobs/view/net-development-trainee-with-ai-expertise-tech-orda-voucher-at-epam-systems-4411577718,.NET Development Trainee with AI Expertise (Tech Orda Voucher),EPAM Systems,posted,2026-07-07T02:13:47.436534,108
98004dfc09f2de16,https://kz.linkedin.com/jobs/view/smartplant-admin-at-wood-4426748730,SmartPlant Admin,Wood,posted,2026-07-07T02:14:00.919712,116
